{"username":"tmqps78","password":"23384bdea4640154ddcd21bcbfb1ada7","stickers":[{"width":200,"height":200,"fontSize":16,"id":8,"top":13.196125907990314,"left":33.47222222222222,"contents":"yo"},{"width":200,"height":200,"fontSize":16,"id":9,"top":10.653753026634384,"left":66.59722222222221}],"theme":"default"}