{"username":"tmqps78","password":"23384bdea4640154ddcd21bcbfb1ada7","stickers":[{"width":200,"height":200,"fontSize":16,"id":7,"top":5.18018018018018,"left":22.708333333333332},{"width":200,"height":200,"fontSize":16,"id":8,"top":9.45945945945946,"left":39.30555555555556,"contents":"Ok..."},{"width":200,"height":200,"fontSize":16,"id":9,"top":29.72972972972973,"left":41.31944444444444},{"width":200,"height":200,"fontSize":16,"id":10,"top":19.144144144144143,"left":70.41666666666667}],"theme":"dark"}